INSERT INTO Users (user_id, username, user_type) VALUES (1, 'bobby12', 'regular');
INSERT INTO Users (user_id, username, user_type) VALUES (2, 'tim12', 'admin');
INSERT INTO Users (user_id, username, user_type) VALUES (3, 'joe01', 'admin');
INSERT INTO Users (user_id, username, user_type) VALUES (4, 'tim', 'admin');
INSERT INTO Users (user_id, username, user_type) VALUES (5, 'joseph', 'regular');
INSERT INTO Users (user_id, username, user_type) VALUES (7, 'timard', 'regular');
INSERT INTO Users (user_id, username, user_type) VALUES (6, 'mikeWU', 'regular');
INSERT INTO Users (user_id, username, user_type) VALUES (8, 'WUmiek', 'regular');
INSERT INTO Users (user_id, username, user_type) VALUES (9, 'jame', 'regular');
INSERT INTO Users (user_id, username, user_type) VALUES (10, 'AI', 'regular');
INSERT INTO Users (user_id, username, user_type) VALUES (11, 'boot', 'regular');
INSERT INTO Users (user_id, username, user_type) VALUES (12, 'goolger', 'regular');
INSERT INTO Users (user_id, username, user_type) VALUES (13, 'password', 'regular');
INSERT INTO Users (user_id, username, user_type) VALUES (14, 'enterpirseUser', 'regular');
INSERT INTO Users (user_id, username, user_type) VALUES (15, 'dispo341', 'regular');

INSERT INTO Reviews (user_id, content_id, rating, user_comment) VALUES (1, 28, 1, "good book");
INSERT INTO Reviews (user_id, content_id, rating, user_comment) VALUES (2, 52, 4, "bad book");
INSERT INTO Reviews (user_id, content_id, rating, user_comment) VALUES (1, 46, 3, "nicee");
INSERT INTO Reviews (user_id, content_id, rating, user_comment) VALUES (5, 22, 2, "boring");
INSERT INTO Reviews (user_id, content_id, rating, user_comment) VALUES (1, 23, 3, "fun");
INSERT INTO Reviews (user_id, content_id, rating, user_comment) VALUES (5, 24, 1, "bad");
INSERT INTO Reviews (user_id, content_id, rating, user_comment) VALUES (1, 49, 5, "decent");
INSERT INTO Reviews (user_id, content_id, rating, user_comment) VALUES (8, 55, 7, "I love this book so much it is so good best book ever!");
INSERT INTO Reviews (user_id, content_id, rating) VALUES (1, 66, 1);
INSERT INTO Reviews (user_id, content_id, rating) VALUES (8, 62, 2);
INSERT INTO Reviews (user_id, content_id, rating) VALUES (1, 61, 1);
INSERT INTO Reviews (user_id, content_id, rating) VALUES (7, 61, 2);
INSERT INTO Reviews (user_id, content_id, rating) VALUES (1, 60, 2);
INSERT INTO Reviews (user_id, content_id, rating) VALUES (10, 18, 1);
INSERT INTO Reviews (user_id, content_id, rating) VALUES (1, 59, 1);
INSERT INTO Reviews (user_id, content_id, rating) VALUES (5, 73, 4);

INSERT INTO Favorites (user_id, content_id) VALUES (1, 4);
INSERT INTO Favorites (user_id, content_id) VALUES (1, 7);
INSERT INTO Favorites (user_id, content_id) VALUES (5, 2);
INSERT INTO Favorites (user_id, content_id) VALUES (1, 12);
INSERT INTO Favorites (user_id, content_id) VALUES (12, 6);
INSERT INTO Favorites (user_id, content_id) VALUES (13, 14);
INSERT INTO Favorites (user_id, content_id) VALUES (8, 4);
INSERT INTO Favorites (user_id, content_id) VALUES (1, 17);
INSERT INTO Favorites (user_id, content_id) VALUES (1, 1);
INSERT INTO Favorites (user_id, content_id) VALUES (11, 4);
INSERT INTO Favorites (user_id, content_id) VALUES (19, 4);
INSERT INTO Favorites (user_id, content_id) VALUES (14, 4);
INSERT INTO Favorites (user_id, content_id) VALUES (6, 4);
INSERT INTO Favorites (user_id, content_id) VALUES (12, 4);
INSERT INTO Favorites (user_id, content_id) VALUES (10, 4);

INSERT INTO Downloads (user_id, content_id) VALUES (1, 5);
INSERT INTO Downloads (user_id, content_id) VALUES (1, 7);
INSERT INTO Downloads (user_id, content_id) VALUES (5, 2);
INSERT INTO Downloads (user_id, content_id) VALUES (1, 12);
INSERT INTO Downloads (user_id, content_id) VALUES (12, 6);
INSERT INTO Downloads (user_id, content_id) VALUES (13, 14);
INSERT INTO Downloads (user_id, content_id) VALUES (8, 4);
INSERT INTO Downloads (user_id, content_id) VALUES (1, 17);
INSERT INTO Downloads (user_id, content_id) VALUES (1, 1);
INSERT INTO Downloads (user_id, content_id) VALUES (11, 4);
INSERT INTO Downloads (user_id, content_id) VALUES (19, 4);
INSERT INTO Downloads (user_id, content_id) VALUES (14, 4);
INSERT INTO Downloads (user_id, content_id) VALUES (6, 4);
INSERT INTO Downloads (user_id, content_id) VALUES (12, 4);
INSERT INTO Downloads (user_id, content_id) VALUES (10, 4);

INSERT INTO Content (content_id, title, publish_date) VALUES (46, "Why WWII was Bad", "1994.12.11");
INSERT INTO Article (content_id, author, publication_name) VALUES (46, "Patrick", "New York Times");
INSERT INTO Content (content_id, title, publish_date) VALUES (47, "WWI -- The Good War", "1994.12.10");
INSERT INTO Article (content_id, author, publication_name) VALUES (47, "Jones", "New York Times");
INSERT INTO Content (content_id, title, publish_date) VALUES (48, "Vietnam War: 20 Year Later", "1994.12.09");
INSERT INTO Article (content_id, author, publication_name) VALUES (48, "Tim Cook", "New York Times");
INSERT INTO Content (content_id, title, publish_date) VALUES (49, "Cold War", "1994.12.01");
INSERT INTO Article (content_id, author, publication_name) VALUES (49, "Steve Job", "New York Times");
INSERT INTO Content (content_id, title, publish_date) VALUES (50, "The Good War", "1994.12.01");
INSERT INTO Article (content_id, author, publication_name) VALUES (50, "Bill Gate", "New York Times");
INSERT INTO Article (content_id, author, publication_name) VALUES (51, "Tom Gate", "New York Times");
INSERT INTO Content (content_id, title, publish_date) VALUES (51, "The Bad War", "1994.12.01");
INSERT INTO Article (content_id, author, publication_name) VALUES (52, "Michael Gate", "New York Times");
INSERT INTO Content (content_id, title, publish_date) VALUES (52, "10 Reasons Why Poems are Good", "1994.12.05");
INSERT INTO Article (content_id, author, publication_name) VALUES (53, "John Lennon", "New York Times");
INSERT INTO Content (content_id, title, publish_date) VALUES (53, "5 Reasons to use NoSQL", "1994.12.05");
INSERT INTO Article (content_id, author, publication_name) VALUES (54, "John Lennon", "New York Times");
INSERT INTO Content (content_id, title, publish_date) VALUES (54, "7 Reaons to use MySQL", "1994.12.05");
INSERT INTO Article (content_id, author, publication_name) VALUES (55, "Timard Jones", "New York Times");
INSERT INTO Content (content_id, title, publish_date) VALUES (55, "12 Reasons to Normalize Database", "1994.12.05");
INSERT INTO Article (content_id, author, publication_name) VALUES (56, "Mike Wu", "New York Times");
INSERT INTO Content (content_id, title, publish_date) VALUES (56, "Neural Nets for Preschoolers", "1994.12.11");
INSERT INTO Article (content_id, author, publication_name) VALUES (57, "Mike Wu", "New York Times");
INSERT INTO Content (content_id, title, publish_date) VALUES (57, "How to Perform Surgery", "1994.12.11");
INSERT INTO Article (content_id, author, publication_name) VALUES (58, "Harry Potter", "New York Times");
INSERT INTO Content (content_id, title, publish_date) VALUES (58, "How to write ER Diagrams", "1994.12.01");
INSERT INTO Article (content_id, author, publication_name) VALUES (59, "Harry Potter", "New York Times");
INSERT INTO Content (content_id, title, publish_date) VALUES (59, "SJSU Announces New Gym", "1994.12.01");
INSERT INTO Article (content_id, author, publication_name) VALUES (60, "James Potter", "New York Times");
INSERT INTO Content (content_id, title, publish_date) VALUES (60, "SJSU Power Outage", "1994.12.12");


INSERT INTO Content (content_id, title, publish_date) VALUES (61, "A Walk", '1666.01.11');
INSERT INTO Poem (content_id, poem_type, author) VALUES (61, "Haiku", "Georgre Bush");
INSERT INTO Content (content_id, title, publish_date) VALUES (62, "A Run", '1266.01.11');
INSERT INTO Poem (content_id, poem_type, author) VALUES (62, "Haiku", "James Jones");
INSERT INTO Content (content_id, title, publish_date) VALUES (63, "A Jog", '1631.12.10');
INSERT INTO Poem (content_id, poem_type, author) VALUES (63, "Ballad", "James Reds");
INSERT INTO Content (content_id, title, publish_date) VALUES (64, "A Dog", '1435.10.10');
INSERT INTO Poem (content_id, poem_type, author) VALUES (64, "Ballad", "John Renyolds");
INSERT INTO Content (content_id, title, publish_date) VALUES (65, "A CAT", '1123.10.10');
INSERT INTO Poem (content_id, poem_type, author) VALUES (65, "Ballad", "Patrick Renyolds");
INSERT INTO Content (content_id, title, publish_date) VALUES (66, "A Harry Potter", '1823.01.09');
INSERT INTO Poem (content_id, poem_type, author) VALUES (66, "Ballad", "Harry Renyolds");
INSERT INTO Content (content_id, title, publish_date) VALUES (67, "Table", '1923.01.09');
INSERT INTO Poem (content_id, poem_type, author) VALUES (67, "Haiku", "Daisy Renyolds");
INSERT INTO Content (content_id, title, publish_date) VALUES (68, "I love Databases", '1941.11.09');
INSERT INTO Poem (content_id, poem_type, author) VALUES (68, "Haiku", "Patrick James");
INSERT INTO Content (content_id, title, publish_date) VALUES (69, "Best Poem Ever", '1921.01.09');
INSERT INTO Poem (content_id, poem_type, author) VALUES (69, "Ode", "Patrick Bush");
INSERT INTO Content (content_id, title, publish_date) VALUES (70, "Consumerism", '1941.01.09');
INSERT INTO Poem (content_id, poem_type, author) VALUES (70, "Ballad", "Patrick Renyolds");
INSERT INTO Content (content_id, title, publish_date) VALUES (71, "Capitalism", '1952.01.09');
INSERT INTO Poem (content_id, poem_type, author) VALUES (71, "Haiku", "James Bush");
INSERT INTO Content (content_id, title, publish_date) VALUES (72, "Canda", '2035.11.09');
INSERT INTO Poem (content_id, poem_type, author) VALUES (72, "Love", "Tomard Renyolds");
INSERT INTO Content (content_id, title, publish_date) VALUES (73, "Food", '1635.11.09');
INSERT INTO Poem (content_id, poem_type, author) VALUES (73, "Love", "Gustavo Renyolds");
INSERT INTO Content (content_id, title, publish_date) VALUES (74, "A Long Run in the Park", '1835.04.12');
INSERT INTO Poem (content_id, poem_type, author) VALUES (74, "Ballad", "Frank Renyolds");
INSERT INTO Content (content_id, title, publish_date) VALUES (75, "A Ballad to James", '1935.11.12');
INSERT INTO Poem (content_id, poem_type, author) VALUES (75, "Ballad", "J. Renyolds");